BBE,icr
2,0.21585084476557959
3,0.2829986947610329
4,0.33550409298519535
5,0.3951588467188835
10,0.5664086905974836
15,0.6625019320887883
20,0.7161847778069662
25,0.7542728210160483
