BBE,icr
2,0.30963797650443536
3,0.3088389332044154
4,0.30837844488188976
5,0.30460000000000004
10,0.30700160342063065
15,0.3032550240588735
20,0.29954277286135694
25,0.29836307692307695
