BBE,icr
2,0.3461791143675266
3,0.29615668610018403
4,0.2669394994121397
5,0.24891532696883234
10,0.20833549059374062
15,0.19212023190749625
20,0.18117674293982075
25,0.17421621541523968
